conductor,video_id,source
Abbado,PLFog5wjYEs,recording_review_20260826
Bernstein,HpJMsA_nakE,recording_review_20260826
Bernstein,UoKZlcidbms,recording_review_20260826
Dudamel,KrKsAr2QDoY,recording_review_20260826
Dudamel,XFY6OL2nQ88,recording_review_20260826
Dudamel,x_gi7MIQkqo,recording_review_20260826
Haitink,7Rep0uzRSy4,recording_review_20260826
Abbado,4YcmIohczpQ,ood_candidate_20260826
Haitink,vRYlhQ6fKfQ,ood_candidate_20260826
Haitink,_xUYQf8QWD8,ood_candidate_20260826
Haitink,idnY8DOCpTw,ood_candidate_20260826
Haitink,fUoiYGDNsuw,ood_candidate_20260826
Mehta,ImOnEN7X61A,ood_candidate_20260826
Bernstein,4yrG-izvtBY,ood_candidate_20260826
Bernstein,FGi7T3BLhQ0,ood_candidate_20260826
Bernstein,18sT5D3bKnc,ood_candidate_20260826
Bernstein,6WK6np0AWsU,ood_candidate_20260826
Dudamel,xeqmjjdiZxs,ood_candidate_20260826
Dudamel,0I48FF8PpSQ,ood_candidate_20260826
