conductor,run,seg_idx,verdict,source,judged_at
Abbado,-E6oeFzIRU8(01)__r00,1,clean,full_review,2026-08-13T12:58:28
Abbado,-E6oeFzIRU8(01)__r00,2,clean,audit_sample_60,2026-08-13T00:00:00
Abbado,-nk7jFEKCHE(04)__r00,0,clean,full_review,2026-08-13T12:58:27
Abbado,-nk7jFEKCHE(04)__r00,1,clean,audit_sample_60,2026-08-13T00:00:00
Abbado,0T7eMctuJLQ(01)__r00,0,clean,full_review,2026-08-13T12:58:26
Abbado,0T7eMctuJLQ(01)__r00,2,clean,full_review,2026-08-13T12:58:25
Abbado,0T7eMctuJLQ(01)__r00,3,clean,audit_sample_60,2026-08-13T00:00:00
Abbado,1Jw6wpNLM9E(07)__r00,0,clean,full_review,2026-08-13T12:58:29
Abbado,3Fi8XYhmVOI(01)__r00,0,clean,full_review,2026-08-13T12:58:30
Abbado,3nihShVyqVE(01)__r02,0,contaminated,full_review,2026-08-13T12:58:17
Abbado,3pegLWxSBR8(03)__r00,1,contaminated,full_review,2026-08-13T12:58:24
Abbado,4USr2WgSOuo(06)__r00,0,contaminated,full_review,2026-08-13T12:58:34
Abbado,4USr2WgSOuo(06)__r00,1,contaminated,full_review,2026-08-13T12:58:35
Abbado,4USr2WgSOuo(06)__r00,2,contaminated,full_review,2026-08-13T12:58:36
Abbado,4USr2WgSOuo(06)__r00,3,clean,full_review,2026-08-13T12:58:39
Abbado,4USr2WgSOuo(06)__r00,4,clean,audit_sample_60,2026-08-13T00:00:00
Abbado,4USr2WgSOuo(06)__r00,5,clean,full_review,2026-08-13T12:58:44
Abbado,4dFx0TweiCI(14)__r00,0,contaminated,full_review,2026-08-13T12:58:47
Abbado,4dFx0TweiCI(14)__r00,1,clean,full_review,2026-08-13T12:58:51
Abbado,4dFx0TweiCI(22)__r00,1,contaminated,full_review,2026-08-13T12:58:54
Abbado,4ohJEUZMEfk(05)__r00,1,clean,full_review,2026-08-13T12:58:59
Abbado,8NdeNCsF2K8(01)__r00,0,clean,full_review,2026-08-13T12:59:01
Abbado,9U3tja1CmCw(03)__r00,0,clean,audit_sample_60,2026-08-13T00:00:00
Abbado,9U3tja1CmCw(03)__r00,1,clean,full_review,2026-08-13T12:59:04
Abbado,9U3tja1CmCw(03)__r00,3,clean,full_review,2026-08-13T12:59:06
Abbado,A6QoP6-bnR8(01)__r00,0,contaminated,audit_sample_60,2026-08-13T00:00:00
Abbado,A6QoP6-bnR8(01)__r00,1,contaminated,full_review,2026-08-13T12:59:11
Abbado,A6QoP6-bnR8(01)__r00,2,contaminated,full_review,2026-08-13T12:59:13
Abbado,A6QoP6-bnR8(01)__r00,3,clean,full_review,2026-08-13T12:59:18
Abbado,A6QoP6-bnR8(01)__r00,4,clean,full_review,2026-08-13T12:59:21
Abbado,A6QoP6-bnR8(01)__r00,5,clean,full_review,2026-08-13T12:59:28
Abbado,AUnKeRz5n0c(02)__r00,0,clean,full_review,2026-08-13T12:59:32
Abbado,AUnKeRz5n0c(03)__r00,1,clean,full_review,2026-08-13T13:04:52
Abbado,AiwhbZf3oZM(05)__r00,1,clean,full_review,2026-08-13T13:04:55
Abbado,AiwhbZf3oZM(08)__r00,1,clean,full_review,2026-08-13T13:04:56
Abbado,AiwhbZf3oZM(10)__r00,1,clean,full_review,2026-08-13T13:04:59
Abbado,GmX0UbZlqZk(02)__r00,1,clean,audit_sample_60,2026-08-13T00:00:00
Abbado,GmX0UbZlqZk(10)__r00,0,clean,full_review,2026-08-13T13:05:03
Abbado,K1BHmPhZwpY(08)__r00,1,contaminated,full_review,2026-08-13T13:05:07
Abbado,PD9B4qi3mNM(06)__r00,1,clean,full_review,2026-08-13T13:05:12
Abbado,PD9B4qi3mNM(07)__r03,0,clean,audit_sample_60,2026-08-13T00:00:00
Abbado,SExR2h20HlQ(01)__r00,0,clean,full_review,2026-08-13T13:05:13
Abbado,SgSNgzA37To(01)__r00,0,clean,full_review,2026-08-13T13:05:45
Abbado,T4Zxjk7eYS4(10)__r00,1,clean,audit_sample_60,2026-08-13T00:00:00
Abbado,WLP6kqcmPRI(01)__r00,4,clean,full_review,2026-08-13T13:05:48
Abbado,WLP6kqcmPRI(01)__r00,5,clean,full_review,2026-08-13T13:05:51
Abbado,YgIrf_zTJco(05)__r00,1,contaminated,full_review,2026-08-13T13:05:54
Abbado,YnfhInZLmUQ(01)__r00,1,clean,full_review,2026-08-13T13:06:03
Abbado,dPYhMekVRe4(09)__r00,1,clean,audit_sample_60,2026-08-13T00:00:00
Abbado,f2LLIXxWKJo(09)__r01,1,clean,full_review,2026-08-13T13:06:04
Abbado,j8cHeS6ukx0(01)__r00,1,clean,audit_sample_60,2026-08-13T00:00:00
Abbado,mhYCaQkbkyw(03)__r00,0,clean,full_review,2026-08-13T13:06:04
Abbado,pBnz4O5L6bQ(01)__r00,0,clean,full_review,2026-08-13T13:06:05
Abbado,uEX8xV6PxW8(05)__r00,0,clean,full_review,2026-08-13T13:10:30
Abbado,vOvXhyldUko(07)__r00,1,contaminated,audit_sample_60,2026-08-13T00:00:00
Abbado,vOvXhyldUko(107)__r00,1,clean,full_review,2026-08-13T13:10:31
Abbado,xX_0NhiMT_w(09)__r00,2,clean,full_review,2026-08-13T13:10:32
Abbado,zJXxL8xE09c(02)__r00,1,clean,full_review,2026-08-13T13:10:33
Abbado,zJXxL8xE09c(02)__r05,1,clean,full_review,2026-08-13T13:10:45
Bernstein,02jscWEtHZI(04)__r00,1,clean,audit_sample_60,2026-08-13T00:00:00
Bernstein,1LzBXe9--oM(01)__r00,2,clean,full_review,2026-08-13T13:10:42
Bernstein,1LzBXe9--oM(02)__r00,1,clean,audit_sample_60,2026-08-13T00:00:00
Bernstein,40vp0Veqglg(07)__r00,1,clean,audit_sample_60,2026-08-13T00:00:00
Bernstein,40vp0Veqglg(36)__r00,0,clean,full_review,2026-08-13T13:10:40
Bernstein,40vp0Veqglg(36)__r00,2,clean,full_review,2026-08-13T13:10:38
Bernstein,40vp0Veqglg(41)__r03,0,clean,full_review,2026-08-13T13:10:48
Bernstein,422-yb8TXj8(15)__r00,1,clean,full_review,2026-08-13T13:10:51
Bernstein,56qZblncQrs(02)__r00,2,clean,full_review,2026-08-13T13:10:57
Bernstein,56qZblncQrs(02)__r00,3,clean,full_review,2026-08-13T13:10:54
Bernstein,56qZblncQrs(02)__r00,4,clean,full_review,2026-08-13T13:11:25
Bernstein,56qZblncQrs(02)__r00,5,contaminated,audit_sample_60,2026-08-13T00:00:00
Bernstein,56qZblncQrs(02)__r00,7,contaminated,full_review,2026-08-13T13:11:22
Bernstein,56qZblncQrs(02)__r00,8,contaminated,full_review,2026-08-13T13:11:28
Bernstein,9KSESLJ0LWA(108)__r02,2,clean,full_review,2026-08-13T13:11:30
Bernstein,9KSESLJ0LWA(15)__r01,2,clean,full_review,2026-08-13T13:11:39
Bernstein,9KSESLJ0LWA(58)__r00,5,clean,full_review,2026-08-13T13:11:38
Bernstein,9KSESLJ0LWA(67)__r01,0,clean,audit_sample_60,2026-08-13T00:00:00
Bernstein,9KSESLJ0LWA(85)__r00,1,clean,full_review,2026-08-13T13:11:37
Bernstein,AfakIg9E_ao(38)__r05,4,clean,full_review,2026-08-13T13:11:36
Bernstein,AfakIg9E_ao(45)__r01,1,contaminated,full_review,2026-08-13T13:11:41
Bernstein,CplmVMyPH80(15)__r00,1,clean,full_review,2026-08-13T13:11:45
Bernstein,CplmVMyPH80(15)__r00,2,clean,full_review,2026-08-13T13:11:46
Bernstein,CplmVMyPH80(36)__r00,1,clean,full_review,2026-08-13T13:11:47
Bernstein,CplmVMyPH80(40)__r00,0,clean,full_review,2026-08-13T13:16:12
Bernstein,CplmVMyPH80(57)__r00,0,clean,full_review,2026-08-13T13:16:13
Bernstein,CplmVMyPH80(57)__r00,2,clean,full_review,2026-08-13T13:16:14
Bernstein,CplmVMyPH80(66)__r00,0,clean,full_review,2026-08-13T13:16:15
Bernstein,CplmVMyPH80(70)__r00,0,clean,full_review,2026-08-13T13:16:18
Bernstein,EvnRC7tSX50(01)__r03,3,clean,full_review,2026-08-13T13:16:22
Bernstein,EvnRC7tSX50(01)__r04,2,clean,full_review,2026-08-13T13:16:28
Bernstein,EvnRC7tSX50(01)__r04,4,contaminated,full_review,2026-08-13T13:16:27
Bernstein,EvnRC7tSX50(01)__r10,1,clean,full_review,2026-08-13T13:20:27
Bernstein,EvnRC7tSX50(01)__r10,8,contaminated,full_review,2026-08-13T13:20:26
Bernstein,EvnRC7tSX50(01)__r16,5,clean,full_review,2026-08-13T13:20:28
Bernstein,EvnRC7tSX50(01)__r16,6,contaminated,audit_sample_60,2026-08-13T00:00:00
Bernstein,EvnRC7tSX50(01)__r16,7,contaminated,full_review,2026-08-13T13:20:21
Bernstein,EvnRC7tSX50(02)__r00,0,clean,full_review,2026-08-13T13:20:53
Bernstein,EvnRC7tSX50(02)__r01,2,clean,full_review,2026-08-13T13:20:51
Bernstein,EvnRC7tSX50(02)__r06,0,clean,full_review,2026-08-13T13:20:50
Bernstein,EvnRC7tSX50(02)__r06,1,clean,full_review,2026-08-13T13:20:49
Bernstein,EvnRC7tSX50(02)__r06,3,clean,full_review,2026-08-13T13:21:07
Bernstein,EvnRC7tSX50(02)__r06,5,clean,full_review,2026-08-13T13:21:06
Bernstein,EvnRC7tSX50(02)__r06,6,clean,full_review,2026-08-13T13:21:05
Bernstein,HpJMsA_nakE(20)__r02,0,clean,full_review,2026-08-13T13:21:18
Bernstein,IS8FO6DEwfU(03)__r01,0,clean,full_review,2026-08-13T13:21:27
Bernstein,IS8FO6DEwfU(03)__r01,2,clean,full_review,2026-08-13T13:21:26
Bernstein,IS8FO6DEwfU(03)__r01,4,clean,full_review,2026-08-13T13:21:26
Bernstein,MFkLJzd7CH8(06)__r00,1,clean,full_review,2026-08-13T13:21:25
Bernstein,MFkLJzd7CH8(07)__r02,0,clean,full_review,2026-08-13T13:24:35
Bernstein,MFkLJzd7CH8(132)__r00,1,clean,full_review,2026-08-13T13:24:34
Bernstein,MFkLJzd7CH8(15)__r01,1,clean,full_review,2026-08-13T13:24:33
Bernstein,MFkLJzd7CH8(36)__r00,0,clean,audit_sample_60,2026-08-13T00:00:00
Bernstein,MFkLJzd7CH8(40)__r00,1,clean,full_review,2026-08-13T13:24:32
Bernstein,MFkLJzd7CH8(68)__r00,0,clean,full_review,2026-08-13T13:25:57
Bernstein,MFkLJzd7CH8(68)__r00,1,clean,full_review,2026-08-13T13:25:56
Bernstein,MFkLJzd7CH8(70)__r00,1,clean,full_review,2026-08-13T13:25:55
Bernstein,MFkLJzd7CH8(82)__r00,0,clean,full_review,2026-08-13T13:25:54
Bernstein,MFkLJzd7CH8(82)__r00,3,clean,full_review,2026-08-13T13:30:07
Bernstein,NK8-Zg-8JYM(02)__r00,1,clean,full_review,2026-08-13T13:30:14
Bernstein,NK8-Zg-8JYM(02)__r00,2,clean,full_review,2026-08-13T13:30:12
Bernstein,NK8-Zg-8JYM(03)__r00,0,clean,full_review,2026-08-13T13:30:11
Bernstein,NK8-Zg-8JYM(03)__r00,1,clean,full_review,2026-08-13T13:35:50
Bernstein,RkP33esCi5g(02)__r00,2,clean,full_review,2026-08-13T13:35:49
Bernstein,RkP33esCi5g(03)__r00,0,clean,full_review,2026-08-13T13:35:48
Bernstein,RkP33esCi5g(03)__r00,3,contaminated,full_review,2026-08-13T13:35:47
Bernstein,RkP33esCi5g(08)__r00,1,clean,full_review,2026-08-13T13:37:02
Bernstein,RkP33esCi5g(09)__r00,2,clean,full_review,2026-08-13T13:37:01
Bernstein,RkP33esCi5g(25)__r01,1,clean,full_review,2026-08-13T13:37:00
Bernstein,RkP33esCi5g(25)__r01,3,clean,full_review,2026-08-13T13:36:59
Bernstein,RkP33esCi5g(25)__r01,4,clean,audit_sample_60,2026-08-13T00:00:00
Bernstein,RkP33esCi5g(28)__r02,1,clean,full_review,2026-08-13T13:37:10
Bernstein,RkP33esCi5g(28)__r02,4,clean,full_review,2026-08-13T13:37:11
Bernstein,RkP33esCi5g(30)__r00,0,clean,audit_sample_60,2026-08-13T00:00:00
Bernstein,_MjEp_SAfS0(61)__r00,2,clean,full_review,2026-08-13T13:37:12
Bernstein,iYgirjU-9UE(02)__r04,0,clean,full_review,2026-08-13T13:37:12
Bernstein,iYgirjU-9UE(02)__r06,2,clean,full_review,2026-08-13T13:37:29
Bernstein,iYgirjU-9UE(02)__r07,1,clean,full_review,2026-08-13T13:37:28
Bernstein,iYgirjU-9UE(02)__r08,1,clean,full_review,2026-08-13T13:37:30
Bernstein,iYgirjU-9UE(02)__r08,2,clean,full_review,2026-08-13T13:37:32
Bernstein,iYgirjU-9UE(02)__r10,0,contaminated,full_review,2026-08-13T13:37:26
Bernstein,iYgirjU-9UE(02)__r10,1,clean,full_review,2026-08-13T13:37:27
Bernstein,iYgirjU-9UE(02)__r10,4,clean,full_review,2026-08-13T13:37:31
Bernstein,iYgirjU-9UE(02)__r10,5,clean,full_review,2026-08-13T13:37:31
Bernstein,iYgirjU-9UE(02)__r10,6,clean,full_review,2026-08-13T13:37:54
Bernstein,iYgirjU-9UE(02)__r10,7,clean,audit_sample_60,2026-08-13T00:00:00
Bernstein,iYgirjU-9UE(02)__r10,8,clean,full_review,2026-08-13T13:42:52
Bernstein,iYgirjU-9UE(02)__r10,9,clean,audit_sample_60,2026-08-13T00:00:00
Bernstein,iYgirjU-9UE(02)__r10,10,clean,full_review,2026-08-13T13:42:51
Bernstein,ljG5OUNEkMY(28)__r00,0,clean,full_review,2026-08-13T13:42:50
Bernstein,m0evC5OMofs(13)__r00,2,clean,audit_sample_60,2026-08-13T00:00:00
Bernstein,m0evC5OMofs(13)__r00,3,clean,full_review,2026-08-13T13:43:06
Bernstein,m0evC5OMofs(13)__r00,4,contaminated,full_review,2026-08-13T13:42:57
Bernstein,m3wFdajeAwU(67)__r00,2,clean,full_review,2026-08-13T13:43:05
Bernstein,m3wFdajeAwU(67)__r00,4,clean,full_review,2026-08-13T13:43:03
Bernstein,m3wFdajeAwU(76)__r00,0,clean,full_review,2026-08-13T13:43:16
Bernstein,m3wFdajeAwU(76)__r00,1,clean,full_review,2026-08-13T13:43:17
Bernstein,p8bZ7vm4_6M(07)__r00,0,clean,full_review,2026-08-13T13:43:18
Bernstein,p8bZ7vm4_6M(07)__r03,3,clean,full_review,2026-08-13T13:43:19
Bernstein,p8bZ7vm4_6M(45)__r00,0,clean,full_review,2026-08-13T13:46:25
Bernstein,r88EnGeiJrE(10)__r00,1,clean,full_review,2026-08-13T13:46:23
Bernstein,r88EnGeiJrE(62)__r00,0,clean,full_review,2026-08-13T13:43:26
Bernstein,rO8MnwcvSVk(25)__r00,0,clean,full_review,2026-08-13T13:43:25
Bernstein,srb2EyvTSGw(27)__r00,1,clean,full_review,2026-08-13T13:46:31
Dudamel,-HLDqBUxcD4(06)__r00,0,clean,full_review,2026-08-13T13:46:32
Dudamel,-N0s9C63pSo(05)__r00,7,clean,full_review,2026-08-13T14:33:51
Dudamel,-N0s9C63pSo(07)__r00,1,clean,full_review,2026-08-13T14:33:50
Dudamel,-N0s9C63pSo(08)__r01,1,clean,full_review,2026-08-13T14:33:57
Dudamel,-N0s9C63pSo(20)__r00,2,contaminated,full_review,2026-08-13T14:33:56
Dudamel,-N0s9C63pSo(23)__r00,2,clean,full_review,2026-08-13T14:33:59
Dudamel,-N0s9C63pSo(29)__r00,3,clean,full_review,2026-08-13T14:35:35
Dudamel,-N0s9C63pSo(29)__r00,4,clean,full_review,2026-08-13T14:35:40
Dudamel,-N0s9C63pSo(29)__r00,5,clean,audit_sample_60,2026-08-13T00:00:00
Dudamel,-N0s9C63pSo(29)__r00,9,clean,full_review,2026-08-13T14:35:41
Dudamel,-N0s9C63pSo(32)__r00,0,clean,full_review,2026-08-13T14:35:42
Dudamel,-N0s9C63pSo(33)__r00,1,clean,full_review,2026-08-13T14:35:43
Dudamel,-N0s9C63pSo(33)__r00,3,clean,full_review,2026-08-13T14:35:54
Dudamel,-N0s9C63pSo(38)__r03,0,clean,full_review,2026-08-13T14:35:53
Dudamel,-N0s9C63pSo(42)__r00,0,clean,full_review,2026-08-13T14:35:52
Dudamel,-N0s9C63pSo(44)__r00,1,clean,full_review,2026-08-13T14:35:50
Dudamel,-N0s9C63pSo(49)__r01,0,clean,full_review,2026-08-13T14:36:03
Dudamel,-N0s9C63pSo(49)__r01,2,clean,audit_sample_60,2026-08-13T00:00:00
Dudamel,-N0s9C63pSo(49)__r01,3,clean,audit_sample_60,2026-08-13T00:00:00
Dudamel,-N0s9C63pSo(56)__r00,2,clean,full_review,2026-08-13T14:36:02
Dudamel,3-E0GnKMNLU(17)__r00,0,clean,full_review,2026-08-13T14:36:01
Dudamel,3-E0GnKMNLU(17)__r00,2,clean,full_review,2026-08-13T14:36:00
Dudamel,3-E0GnKMNLU(17)__r00,4,clean,full_review,2026-08-13T14:36:31
Dudamel,3-E0GnKMNLU(20)__r00,0,clean,audit_sample_60,2026-08-13T00:00:00
Dudamel,3-E0GnKMNLU(20)__r00,5,clean,full_review,2026-08-13T14:36:30
Dudamel,60mRj_9Rybc(06)__r00,1,clean,audit_sample_60,2026-08-13T00:00:00
Dudamel,60mRj_9Rybc(18)__r00,1,clean,full_review,2026-08-13T14:36:24
Dudamel,BxX1obB9GKk(08)__r00,0,contaminated,full_review,2026-08-13T14:36:23
Dudamel,ESilvOS2O9k(02)__r02,2,clean,full_review,2026-08-13T14:36:32
Dudamel,ESilvOS2O9k(04)__r00,0,clean,full_review,2026-08-13T14:36:30
Dudamel,EoyRy3FpoFk(10)__r00,0,clean,full_review,2026-08-13T14:36:25
Dudamel,EoyRy3FpoFk(10)__r00,1,clean,full_review,2026-08-13T14:36:28
Dudamel,Gsl0t6qFie0(09)__r00,1,clean,full_review,2026-08-13T14:36:33
Dudamel,KrKsAr2QDoY(04)__r00,0,clean,audit_sample_60,2026-08-13T00:00:00
Dudamel,KrKsAr2QDoY(06)__r00,0,clean,full_review,2026-08-13T14:36:35
Dudamel,KrKsAr2QDoY(07)_c00__r01,2,clean,audit_sample_60,2026-08-13T00:00:00
Dudamel,KrKsAr2QDoY(26)__r00,0,clean,full_review,2026-08-13T14:36:36
Dudamel,LT0lf8CFfzI(06)__r00,0,clean,full_review,2026-08-13T14:36:38
Dudamel,LT0lf8CFfzI(07)__r00,0,clean,full_review,2026-08-13T14:36:56
Dudamel,LT0lf8CFfzI(13)__r00,0,clean,full_review,2026-08-13T14:36:57
Dudamel,LT0lf8CFfzI(25)__r00,0,clean,full_review,2026-08-13T14:36:58
Dudamel,LxkGr4KSuM0(01)__r01,1,clean,full_review,2026-08-13T14:36:59
Dudamel,LxkGr4KSuM0(01)__r01,2,clean,full_review,2026-08-13T14:37:02
Dudamel,LxkGr4KSuM0(06)__r00,0,clean,audit_sample_60,2026-08-13T00:00:00
Dudamel,MEeLl9-l63w(04)__r01,1,clean,full_review,2026-08-13T14:37:01
Dudamel,SSypujlLlNI(01)__r00,2,clean,full_review,2026-08-13T14:37:00
Dudamel,SSypujlLlNI(11)__r00,0,clean,audit_sample_60,2026-08-13T00:00:00
Dudamel,SSypujlLlNI(13)__r00,1,clean,full_review,2026-08-13T14:36:59
Dudamel,SSypujlLlNI(13)__r01,2,clean,full_review,2026-08-13T14:37:08
Dudamel,SSypujlLlNI(15)__r00,0,clean,full_review,2026-08-13T14:37:07
Dudamel,TpCiGyRlEiU(02)__r00,1,clean,full_review,2026-08-13T14:37:13
Dudamel,TpCiGyRlEiU(16)__r01,1,clean,full_review,2026-08-13T14:37:11
Dudamel,TpCiGyRlEiU(16)__r01,3,clean,full_review,2026-08-13T14:37:21
Dudamel,VzsIlqve4oI(15)__r00,1,clean,audit_sample_60,2026-08-13T00:00:00
Dudamel,XFY6OL2nQ88(02)__r00,0,clean,full_review,2026-08-13T14:37:20
Dudamel,XFY6OL2nQ88(02)__r00,1,clean,full_review,2026-08-13T14:37:19
Dudamel,XFY6OL2nQ88(02)__r00,2,clean,full_review,2026-08-13T14:37:18
Dudamel,jVDofBFtvwA(19)__r01,3,clean,full_review,2026-08-13T14:37:58
Dudamel,lFXXa6DOUm8(46)__r00,0,clean,full_review,2026-08-13T14:38:01
Dudamel,lFXXa6DOUm8(46)__r00,1,clean,full_review,2026-08-13T14:38:05
Dudamel,rJWuV1iCSUk(11)__r01,0,clean,full_review,2026-08-13T14:38:03
Dudamel,rJWuV1iCSUk(11)__r01,2,clean,audit_sample_60,2026-08-13T00:00:00
Dudamel,rJWuV1iCSUk(20)__r01,1,clean,audit_sample_60,2026-08-13T00:00:00
Dudamel,wuve8eKeqKA(41)__r00,1,clean,full_review,2026-08-13T14:38:18
Haitink,-B3d1AfBPsw(103)__r00,0,clean,full_review,2026-08-13T14:38:17
Haitink,-B3d1AfBPsw(98)__r00,2,clean,full_review,2026-08-13T14:38:16
Haitink,1KSK4a1YHwg(26)__r00,1,contaminated,audit_sample_60,2026-08-13T00:00:00
Haitink,1KSK4a1YHwg(52)__r00,1,clean,full_review,2026-08-13T14:38:14
Haitink,3MkYv1DMQyI(01)__r00,1,contaminated,full_review,2026-08-13T14:38:21
Haitink,44a2kZ72RzY(11)__r01,0,clean,full_review,2026-08-13T14:38:28
Haitink,44a2kZ72RzY(21)__r00,1,clean,full_review,2026-08-13T14:38:26
Haitink,598bZQ9g0Hs(05)__r00,0,clean,full_review,2026-08-13T14:38:25
Haitink,598bZQ9g0Hs(09)__r00,0,clean,full_review,2026-08-13T14:38:37
Haitink,598bZQ9g0Hs(15)__r00,1,clean,full_review,2026-08-13T14:38:36
Haitink,598bZQ9g0Hs(15)__r00,4,clean,full_review,2026-08-13T14:38:35
Haitink,598bZQ9g0Hs(15)__r00,5,clean,full_review,2026-08-13T14:38:34
Haitink,598bZQ9g0Hs(27)__r00,0,clean,full_review,2026-08-13T14:38:51
Haitink,598bZQ9g0Hs(27)__r00,2,clean,audit_sample_60,2026-08-13T00:00:00
Haitink,598bZQ9g0Hs(47)__r00,0,clean,full_review,2026-08-13T14:38:52
Haitink,598bZQ9g0Hs(47)__r00,2,clean,full_review,2026-08-13T14:38:53
Haitink,598bZQ9g0Hs(52)__r00,1,clean,full_review,2026-08-13T14:38:54
Haitink,598bZQ9g0Hs(55)__r00,1,clean,full_review,2026-08-13T14:38:58
Haitink,598bZQ9g0Hs(59)__r06,0,clean,audit_sample_60,2026-08-13T00:00:00
Haitink,598bZQ9g0Hs(59)__r10,1,clean,audit_sample_60,2026-08-13T00:00:00
Haitink,598bZQ9g0Hs(59)__r10,4,clean,full_review,2026-08-13T14:38:57
Haitink,598bZQ9g0Hs(59)__r10,5,contaminated,audit_sample_60,2026-08-13T00:00:00
Haitink,598bZQ9g0Hs(59)__r10,8,clean,full_review,2026-08-13T14:38:56
Haitink,598bZQ9g0Hs(59)__r10,9,clean,full_review,2026-08-13T14:38:55
Haitink,598bZQ9g0Hs(59)__r10,10,clean,full_review,2026-08-13T14:39:13
Haitink,598bZQ9g0Hs(61)__r00,0,clean,full_review,2026-08-13T14:39:52
Haitink,598bZQ9g0Hs(61)__r00,1,clean,full_review,2026-08-13T14:39:51
Haitink,598bZQ9g0Hs(61)__r00,2,clean,audit_sample_60,2026-08-13T00:00:00
Haitink,598bZQ9g0Hs(63)__r06,0,clean,audit_sample_60,2026-08-13T00:00:00
Haitink,598bZQ9g0Hs(68)__r00,1,clean,full_review,2026-08-13T14:39:49
Haitink,598bZQ9g0Hs(68)__r00,2,clean,full_review,2026-08-13T14:39:22
Haitink,7QLuYj2jxoc(51)__r00,0,clean,audit_sample_60,2026-08-13T00:00:00
Haitink,7QLuYj2jxoc(51)__r00,1,clean,full_review,2026-08-13T14:39:41
Haitink,F4946WxSNb0(01)__r01,1,clean,full_review,2026-08-13T14:39:45
Haitink,F4946WxSNb0(03)__r00,1,clean,full_review,2026-08-13T14:39:46
Haitink,Ividyw_WPv4(07)__r00,0,clean,full_review,2026-08-13T14:40:11
Haitink,PlvDbgVFbWo(01)__r00,1,clean,full_review,2026-08-13T14:40:12
Haitink,SRwDdZ7Rlgo(03)__r00,1,clean,full_review,2026-08-13T14:40:17
Haitink,U9I3G_-LVjg(02)__r00,0,clean,full_review,2026-08-13T14:40:15
Haitink,UReOgnWLa4o(04)__r00,1,contaminated,full_review,2026-08-13T14:40:26
Haitink,W2wMuHCYgXU(01)__r04,0,clean,full_review,2026-08-13T14:40:34
Haitink,W2wMuHCYgXU(01)__r04,2,clean,full_review,2026-08-13T14:40:33
Haitink,W2wMuHCYgXU(01)__r04,4,clean,audit_sample_60,2026-08-13T00:00:00
Haitink,aBlOui8r5WM(03)__r00,0,clean,audit_sample_60,2026-08-13T00:00:00
Haitink,kVOTNntE5R0(01)__r00,0,clean,full_review,2026-08-13T14:40:31
Haitink,kVOTNntE5R0(03)__r00,0,contaminated,full_review,2026-08-13T14:40:40
Haitink,n_H6abRmQ_o(01)__r00,2,clean,full_review,2026-08-13T14:40:48
Haitink,n_H6abRmQ_o(01)__r00,3,clean,full_review,2026-08-13T14:40:47
Haitink,n_H6abRmQ_o(01)__r00,6,clean,full_review,2026-08-13T14:40:46
Haitink,n_H6abRmQ_o(01)__r00,10,clean,full_review,2026-08-13T14:41:03
Haitink,n_H6abRmQ_o(01)__r00,11,clean,full_review,2026-08-13T14:41:03
Haitink,n_H6abRmQ_o(01)__r00,12,clean,full_review,2026-08-13T14:41:02
Haitink,n_H6abRmQ_o(01)__r00,15,clean,full_review,2026-08-13T14:41:01
Haitink,n_H6abRmQ_o(01)__r00,16,clean,audit_sample_60,2026-08-13T00:00:00
Haitink,n_H6abRmQ_o(01)__r00,18,clean,full_review,2026-08-13T14:41:10
Haitink,n_H6abRmQ_o(05)__r00,0,clean,full_review,2026-08-13T14:41:11
Haitink,pnfhl2TOvUc(01)__r00,0,clean,full_review,2026-08-13T14:41:12
Haitink,uNKXx9wf8Dg(07)__r00,3,clean,audit_sample_60,2026-08-13T00:00:00
Haitink,uNKXx9wf8Dg(07)__r00,4,clean,full_review,2026-08-13T14:41:12
Haitink,uNKXx9wf8Dg(07)__r00,5,clean,full_review,2026-08-13T14:41:22
Haitink,wYVvYtg6gVE(01)__r00,0,clean,full_review,2026-08-13T14:41:23
Haitink,wYVvYtg6gVE(01)__r00,1,clean,full_review,2026-08-13T14:41:24
Haitink,wYVvYtg6gVE(01)__r00,3,contaminated,full_review,2026-08-13T14:41:30
Haitink,wYVvYtg6gVE(01)__r00,4,contaminated,full_review,2026-08-13T14:41:35
Haitink,wYVvYtg6gVE(01)__r00,5,contaminated,full_review,2026-08-13T14:41:36
Haitink,wYVvYtg6gVE(03)__r00,0,contaminated,full_review,2026-08-13T14:41:42
Mehta,08FxlHVcofc(01)__r00,1,contaminated,manual_find,2026-08-13T00:00:00
Mehta,1JgpsrQiewE(02)__r03,0,clean,full_review,2026-08-13T14:41:49
Mehta,9nvYfmqIbWU(18)__r01,1,clean,audit_sample_60,2026-08-13T00:00:00
Mehta,CvdmVDIzDJQ(01)__r02,1,clean,audit_sample_60,2026-08-13T00:00:00
Mehta,CvdmVDIzDJQ(01)__r02,2,clean,full_review,2026-08-13T14:42:03
Mehta,FMEL6z9Qir8(02)__r01,1,clean,full_review,2026-08-13T14:42:02
Mehta,FMEL6z9Qir8(02)__r01,3,clean,full_review,2026-08-13T14:42:01
Mehta,FMEL6z9Qir8(02)__r01,5,clean,full_review,2026-08-13T14:42:00
Mehta,H2lrKuZKV-Q(01)__r00,1,clean,full_review,2026-08-13T14:43:08
Mehta,H9a5K1p0QZE(02)__r02,0,clean,full_review,2026-08-13T14:43:09
Mehta,H9a5K1p0QZE(02)__r02,2,clean,audit_sample_60,2026-08-13T00:00:00
Mehta,KU_l3E9pC8Y(05)__r00,1,contaminated,audit_sample_60,2026-08-13T00:00:00
Mehta,KU_l3E9pC8Y(05)__r00,2,clean,audit_sample_60,2026-08-13T00:00:00
Mehta,L4PB-Wh3UxA(07)__r00,1,contaminated,full_review,2026-08-13T14:43:05
Mehta,L4PB-Wh3UxA(07)__r00,2,contaminated,full_review,2026-08-13T14:43:04
Mehta,Lh6mDL-VwYw(11)__r00,1,clean,full_review,2026-08-13T14:43:13
Mehta,Lh6mDL-VwYw(11)__r00,2,clean,audit_sample_60,2026-08-13T00:00:00
Mehta,OzqBTBXMgpE(01)__r00,1,clean,full_review,2026-08-13T14:43:14
Mehta,OzqBTBXMgpE(01)__r00,2,clean,audit_sample_60,2026-08-13T00:00:00
Mehta,OzqBTBXMgpE(02)__r00,0,clean,full_review,2026-08-13T14:43:20
Mehta,UIKfvWENCsw(10)__r00,1,contaminated,audit_sample_60,2026-08-13T00:00:00
Mehta,UIKfvWENCsw(10)__r01,2,contaminated,full_review,2026-08-13T14:43:18
Mehta,UspFeXsY_9E(09)__r00,1,clean,full_review,2026-08-13T14:43:27
Mehta,V2r27Ro1MFQ(08)__r02,1,clean,full_review,2026-08-13T14:43:28
Mehta,WodoUXIdnwg(05)__r00,0,clean,audit_sample_60,2026-08-13T00:00:00
Mehta,X94yHgFHv5M(07)__r00,0,clean,full_review,2026-08-13T14:43:29
Mehta,Yh3W9BNlLTU(08)__r00,0,clean,full_review,2026-08-13T14:43:30
Mehta,Yki1z2NfO-o(04)__r00,1,clean,audit_sample_60,2026-08-13T00:00:00
Mehta,aCuB6KxXb58(06)__r00,0,clean,full_review,2026-08-13T14:43:36
Mehta,ikhuN-LcJKc(01)__r00,0,clean,full_review,2026-08-13T14:43:37
Mehta,kSOxBGu2Ms0(02)__r00,0,clean,full_review,2026-08-13T14:43:43
Mehta,kSOxBGu2Ms0(02)__r00,2,clean,full_review,2026-08-13T14:43:42
Mehta,kSOxBGu2Ms0(02)__r00,3,clean,audit_sample_60,2026-08-13T00:00:00
Mehta,kSOxBGu2Ms0(02)__r00,4,contaminated,audit_sample_60,2026-08-13T00:00:00
Mehta,o9Rq5IGen6k(02)__r01,0,clean,full_review,2026-08-13T14:43:51
Mehta,q5YhuIP_l9Y(01)__r00,0,clean,full_review,2026-08-13T14:43:52
Mehta,q5YhuIP_l9Y(01)__r01,1,clean,full_review,2026-08-13T14:43:46
Mehta,sDxdLuxtuxs(06)__r00,1,clean,full_review,2026-08-13T14:43:47
Mehta,yeNvVtAPZxE(06)__r00,0,clean,full_review,2026-08-13T14:43:54
Mehta,yeNvVtAPZxE(09)__r00,0,clean,full_review,2026-08-13T14:43:55
